{"theta0": 8499.508267718878, "theta1": -0.021448059410392146}