{"theta0": 8499.599649910602, "theta1": -0.021448963591478548}