{"iterations": [0, 1, 2, 3, 4, 5, 6, 7, 8, 9, 10, 11, 12, 13, 14, 15, 16, 17, 18, 19, 20, 21, 22, 23, 24, 25, 26, 27, 28, 29, 30, 31, 32, 33, 34, 35, 36, 37, 38, 39, 40, 41, 42, 43, 44, 45, 46, 47, 48, 49, 50, 51, 52, 53, 54, 55, 56, 57, 58, 59, 60, 61, 62, 63, 64, 65, 66, 67, 68, 69, 70, 71, 72, 73, 74, 75, 76, 77, 78, 79, 80, 81, 82, 83, 84, 85, 86, 87, 88, 89, 90, 91, 92, 93, 94, 95, 96, 97, 98, 99], "a_values": [-0.002055525677538138, -0.0039140634776455374, -0.005594491405242644, -0.0071138783231116925, -0.008487657328018294, -0.009729782511621345, -0.010852870698462436, -0.011868329600731257, -0.01278647369153265, -0.013616628973632243, -0.014367227707863956, -0.015045894063398464, -0.015659521559860914, -0.01621434308791238, -0.01671599421952558, -0.01716957045102585, -0.01757967896034068, -0.0179504854041795, -0.01828575623048377, -0.018588896935933883, -0.01886298665711169, -0.019110809446676622, -0.019334882552241583, -0.0195374819851899, -0.01972066563914734, -0.019886294192933855, -0.02003605001031583, -0.020171454228532035, -0.020293882209169188, -0.020404577508328612, -0.020504664507985257, -0.020595159836841473, -0.020676982696682306, -0.02075096419912172, -0.020817855807577355, -0.020878336970222663, -0.020933022021447797, -0.02098246642193052, -0.021027172400700317, -0.02106759405650467, -0.021104141970294442, -0.021137187375679368, -0.021167065929714894, -0.02119408112232202, -0.021218507358970965, -0.021240592747941052, -0.02126056162046817, -0.02127861680937811, -0.021294941709350843, -0.02130970213974286, -0.021323048028888972, -0.021335114936991917, -0.02134602543306833, -0.021355890339937417, -0.02136480985989822, -0.021372874592529442, -0.021380166454950177, -0.021386759513888923, -0.021392720738012707, -0.02139811067815796, -0.021402984082372623, -0.021407390452016718, -0.021411374544569924, -0.02141497682825344, -0.02141823389308396, -0.021421178822534883, -0.02142384152958009, -0.021426249060533472, -0.021428425869770486, -0.021430394068122284, -0.02143217364746537, -0.021433782683788073, -0.02143523752079652, -0.02143655293592499, -0.021437742290436986, -0.02143881766514158, -0.021439789983103648, -0.02144066912059435, -0.021441464007408866, -0.02144218271757032, -0.0214428325513413, -0.0214434201093759, -0.021443951359765512, -0.021444431698659453, -0.02144486600507606, -0.021445258690461075, -0.021445613743496694, -0.021445934770616393, -0.02144622503263713, -0.021446487477880874, -0.021446724772122092, -0.021446939325665198, -0.021447133317827088, -0.021447308719073462, -0.021447467311033728, -0.0214476107045978, -0.021447740356278645, -0.021447857583006744, -0.021447963575506736, -0.021448059410392142], "b_values": [6539.577605340822, 6727.413051280926, 6897.247600318437, 7050.80633840652, 7189.649030761162, 7315.185965098484, 7428.692276561812, 7531.320899843238, 7624.114280060195, 7708.0149613396925, 7783.875160663239, 7852.465424218278, 7914.482454182626, 7970.5561854420575, 8021.25618412246, 8067.097432929324, 8108.545562058865, 8146.021578813489, 8179.906143962464, 8210.543438284662, 8238.244658567648, 8263.291178573514, 8285.937407078818, 8306.413372019031, 8324.927056985807, 8341.666513809934, 8356.801772688415, 8370.48656925771, 8382.859906155778, 8394.04746493445, 8404.162882663499, 8413.308906193513, 8421.578435801901, 8429.055468822819, 8435.815952845898, 8441.928557150099, 8447.455370208481, 8452.452530348768, 8456.970795975612, 8461.056061146548, 8464.749821738604, 8468.089596940588, 8471.109310352382, 8473.839634562211, 8476.308302701933, 8478.54039014493, 8480.558569207975, 8482.383339444143, 8484.033235866013, 8485.52501721412, 8486.873836183033, 8488.093393334093, 8489.196076258175, 8490.193085402032, 8491.094547836272, 8491.909620120561, 8492.64658131094, 8493.31291705391, 8493.915395621509, 8494.460136659714, 8494.952673348425, 8495.398008604468, 8495.800665898474, 8496.164735201803, 8496.49391453023, 8496.79154750635, 8497.060657322258, 8497.303977447475, 8497.523979394024, 8497.722897820697, 8497.90275323148, 8498.06537249873, 8498.212407419534, 8498.345351493763, 8498.46555509421, 8498.574239182948, 8498.672507713181, 8498.761358842601, 8498.841695072118, 8498.914332412975, 8498.980008675331, 8499.039390962545, 8499.093082447234, 8499.141628497975, 8499.185522218851, 8499.225209458145, 8499.261093337005, 8499.293538344142, 8499.322874038095, 8499.349398394712, 8499.373380833818, 8499.395064955843, 8499.414671016175, 8499.432398162391, 8499.448426457097, 8499.46291870689, 8499.47602211608, 8499.48786978189, 8499.498582046392, 8499.508267718878], "costs": [834462.6111111111, 722848.9319458887, 631602.8114908338, 557007.5238847908, 496024.5812097741, 446169.9668413044, 405412.95406358095, 372093.3885307645, 344854.06524300785, 322585.4455503484, 304380.46234361874, 289497.57251338084, 277330.5516936575, 267383.8009405331, 259252.15951320907, 252604.40147204135, 247169.74386092072, 242726.81691213493, 239094.64699735414, 236125.28503351542, 233697.78007665416, 231713.252630237, 230090.86698918926, 228764.53856121554, 227680.24204481175, 226793.81081805928, 226069.13790075827, 225476.7052097375, 224992.38119953833, 224596.43791279747, 224272.7474018715, 224008.12478956266, 223791.79120985745, 223614.93475265725, 223470.3515284714, 223352.1522325741, 223255.52225610692, 223176.5255727412, 223111.94441261963, 223059.1481930195, 223015.98636689535, 222980.7008247017, 222951.854281362, 222928.27173137385, 222908.9925873393, 222893.23155238366, 222880.34663267832, 222869.8129871227, 222861.2015490051, 222854.16154883994, 222848.40622648265, 222843.70115053677, 222839.85466926568, 222836.71010404738, 222834.13936738824, 222832.03774553863, 222830.31963319003, 222828.91504651675, 222827.76677252603, 222826.82803860347, 222826.06060732415, 222825.43321893006, 222824.92031802546, 222824.50101263166, 222824.15822319247, 222823.87798687487, 222823.64888881988, 222823.4615971826, 222823.30848301752, 222823.18330952927, 222823.08097802958, 222822.99732025198, 222822.9289285664, 222822.87301717603, 222822.82730864375, 222822.789941125, 222822.75939252976, 222822.73441852274, 222822.71400183847, 222822.6973108446, 222822.6836656673, 222822.67251049806, 222822.66339095347, 222822.65593556748, 222822.64984065987, 222822.64485796727, 222822.6407845294, 222822.63745442338, 222822.63473200382, 222822.63250637858, 222822.63068689127, 222822.6291994288, 222822.62798340243, 222822.62698927982, 222822.62617656728, 222822.62551216068, 222822.62496899674, 222822.62452495084, 222822.6241619355, 222822.62386516423], "km_mean": 101066.25, "km_std": 52674.24560550151, "price_mean": 6331.833333333333, "price_std": 1319.6541927360352}